"year","Journal","Link","Search Term","Title","Author","Notes","what is RSV?","exptype_field","exptype_observational","by_economists","independent_var","dependent_var","RSV_role","what_sensed","what_type_RSV","satellite","RCT"
2015,"AER","https://www.aeaweb.org/articles?id=10.1257/aer.p20151095","satellite","Satellites, Self-Reports, and Submersion: Exposure to Floods in Bangladesh","Raymond Guiteras, Amir Jina, A. Mushfiq Mobarak","flood exposure data","satellite-derived flood data","N","Y",TRUE,"flood exposure (RSV)","asset losses, income changes, migration decisions","independent var","flood exposure","satellite",TRUE,TRUE
2016,"RES","https://academic.oup.com/restud/article/84/1/464/2739716?searchresult=1","satellite","Decentralization and Pollution Spillovers: Evidence from the Re-drawing of County Borders in Brazil","Molly Lipscomb and Ahmed Mushfiq Mobarak","primary outcome is water pollution measured using data from the Brazilian environmental monitoring agencies, but satellite data is used to proxy economic activity. ""Satellite data on growth in night-time lights along rivers show that local...""","Nighttime lights (proxy for economic activity)","N","Y",TRUE,"redrawing of county borders","water pollution (measured by chemical test)","control var","economic output and industrial development","satellite nighttime lights",TRUE,TRUE
2016,"JPE","https://www.journals.uchicago.edu/doi/10.1086/685300","satellite","Ethnic Inequality","Alberto Alesina, Stelios Michalopoulos, and Elias Papaioannou","satellite luminosity","Nighttime lights (proxy for economic activity)","N","Y",TRUE,"commercial, infrastructure, and industrial activity (RSV)","GDP","independent var","regional income levels","satellite nighttime lights",TRUE,TRUE
2016,"RES","https://academic.oup.com/restud/article/83/3/1263/2461454?searchresult=1","satellite","Farther on down the Road: Transport Costs, Trade and Urban Growth in Sub-Saharan Africa","Adam Storeygard","""First, night time lights satellite data ( Elvidge et al., 1997 ; Henderson et al., 2012 ) are used to construct a 17-year annual panel of city-level measures of economic activity..""","Nighttime lights (proxy for economic activity)","N","Y",TRUE,"Transport costs (oil price changes & distance from ports)","City-level income (RSV)","dependent var","urban growth and local income generation","satellite nighttime lights",TRUE,TRUE
2016,"American Economic Journal: Applied Economics","https://www.aeaweb.org/articles?id=10.1257/app.20140404","satellite","Income Opportunities and Sea Piracy in Indonesia: Evidence from Satellite Data","Sebastian Axbard","satellite data to measure fishing conditions","satellite-derived fishing conditions","N","Y",TRUE,"fishing conditions (RSV)","Incidence of sea piracy","independent var","Oceanic conditions affecting fish availability","satellite",TRUE,TRUE
2016,"American Economic Journal: Applied Economics","https://www.aeaweb.org/articles?id=10.1257/app.20140362","satellite","Internal Labor Migration as a Shock Coping Strategy: Evidence from a Typhoon","André Gröger, Yanos Zylberberg","satellite data to analyze the impact of a typhoon","satellite-derived flood data","N","Y",TRUE,"flood exposure (RSV)","labor migration decisions, remittance receipts","independent var","flooded areas","satellite",TRUE,TRUE
2016,"QJE","https://academic.oup.com/qje/article/131/2/579/2607043","remotely sensed variables","Lights, Camera … Income! Illuminating the National Accounts–Household Surveys Debate","Maxim Pinkovskiy and Xavier Sala-i-Martin","[Meta] In this paper, nighttime lights (RSV) are not used as a proxy for economic activity per se, but rather as a tool to evaluate how well they correlate with traditional economic measures (GDP per capita, household survey means).","nighttime lights (proxy for economic activity)","N","Y",TRUE,"nighttime lights (RSV)","GDP, household survey means","independent var","nighttime lights","satellite nighttime lights",TRUE,TRUE
2016,"Journal of Economic Perspectives","https://www.aeaweb.org/articles?id=10.1257/jep.30.4.171","satellite","The View from Above: Applications of Satellite Data in Economics","Dave Donaldson, Adam Storeygard","[Meta] satellite imagery in economic research","survey of satellite uses","N","Y",TRUE,"varies","varies","varies","varies","satellite",TRUE,TRUE
2017,"AER","https://www.aeaweb.org/articles?id=10.1257/aer.p20171134","satellite","The Impact of Indonesian Forest Fires on Singaporean Pollution and Health","Tamara L. Sheldon, Chandini Sankaran","satellite fire data","satellite fire data","N","Y",TRUE,"fire activity (RSV)","health outcomes (attendances for specific illnesses)","instrument","fire occurences and intensity","satellite",TRUE,TRUE
2017,"AER","Validating Migration Responses to Flooding Using Satellite and Vital Registration Data","satellite","Validating Migration Responses to Flooding Using Satellite and Vital Registration Data","Joyce J. Chen, Valerie Mueller, Yuanyuan Jia, and Steven Kuo-Hsin Tseng",NA,"satellite-derived flood data","N","Y",TRUE,"flood exposure (RSV)","migration responses","independent var","flood levels","satellite",TRUE,TRUE
2018,"RES","https://academic.oup.com/restud/article/86/6/2713/5232206?searchresult=1","remotely sensed","Deforestation in the Amazon: A Unified Framework for Estimation and Policy Analysis","Eduardo Souza-Rodrigues","""improvements in remote sensing-based monitoring and the expansion of protected areas.""","satellite-derived deforestation data","N","Y",TRUE,"policy interventions","deforestation rates (RSV)","dependent var","forest cover","satellite",TRUE,TRUE
2018,"QJE","https://academic.oup.com/qje/article/133/3/1395/4768296","remotely sensed variables","Long-Range Growth: Economic Development in the Global Network of Air Links","Filipe R. Campante, David Yanagizawa-Drott","spatial data","nighttime lights (proxy for economic activity)","N","Y",TRUE,"presence and frequency of long distance flights","global spatial economic activity (RSV)","dependent var","urban growth","satellite nighttime lights",TRUE,TRUE
2018,"QJE","https://academic.oup.com/qje/article/133/1/357/4110418","remotely sensed variables","The Global Distribution of Economic Activity: Nature, History, and the Role of Trade","J. Vernon Henderson, Tim Squires, Adam Storeygard, David Weil","nighttime lights","nighttime lights (proxy for economic activity)","N","Y",TRUE,"physical geography attributes","global spatial economic activity (RSV)","dependent var","income levels, population density, infrastructure","satellite nighttime lights",TRUE,TRUE
2018,"AEA Papers and Proceedings","https://www.aeaweb.org/articles?id=10.1257/pandp.20181032","mobile phone","The Potential of Digital Credit to Bank the Poor","Daniel Björkegren, Darrell Grissen","digital data to assess creditworthiness","mobile phone usage","N","N",TRUE,"mobile phone usage (RSV)","creditworthiness, loan repayment behavior","independent var","mobile user behavior","mobile phone analytics",FALSE,FALSE
2019,"AEA Papers and Proceedings","https://www.aeaweb.org/articles?id=10.1257/pandp.20191064","satellite","Bringing Satellite-Based Air Quality Estimates Down to Earth","Meredith Fowlie, Edward Rubin, Reed Walker","[Meta] satellite-based air quality data","satellite-derived air quality","N","Y",TRUE,"measurement method (satellite-derived vs. ground-based PM2.5 data)","classification of areas re: air quality","independent var for comparison","PM2.5 levels","satellite",TRUE,TRUE
2019,"QJE","https://doi.org/10.1093/qje/qjz027","remotely sensed variables","Cash and the Economy: Evidence from India’s Demonetization","Gabriel Chodorow-Reich, Gita Gopinath, Prachi Mishra, Abhinav Narayanan","night light data","nighttime lights (proxy for economic activity)","N","Y",TRUE,"proportion of invalidated currency in circulation","business activity (RSV)","dependent var","business activity","satellite nighttime lights",TRUE,TRUE
2019,"American Economic Journal: Applied Economics","https://www.aeaweb.org/articles?id=10.1257/app.20160484","satellite","There Is No Free House: Ethnic Patronage in a Kenyan Slum","Benjamin Marx, Thomas M. Stoker, Tavneet Suri","satellite imagery to measure housing quality","satellite-derived housing quality","N","Y",TRUE,"Ethnic alignment between landlords and locality chiefs","rental prices and housing quality","dependent var","housing quality","satellite",TRUE,TRUE
2020,"ECTA","https://onlinelibrary.wiley.com/doi/10.3982/ECTA15505","drones / aerial","Age of Marriage, Weather Shocks, and the Direction of Marriage Payments","Lucia Corno, Nicole Hildebrandt, Alessandra Voena","weather station data","drought occurence","N","Y",TRUE,"drought events (RSV)","age at marriage","independent var","drought conditions","meteorological data and satellite imagery",TRUE,TRUE
2020,"RES","https://academic.oup.com/restud/article/88/3/1157/5880001?searchresult=1","satellite","Building the City: From Slums to a Modern Metropolis","Gilles Duranton, Diego Puga",""" Satellite imagery is faded in the background...""","satellite-derived urban development and land use","N","Y",TRUE,"land use regulations","urban development (RSV) and welfare","dependent var","urban development","satellite",TRUE,TRUE
2020,"AER","https://www.aeaweb.org/articles?id=10.1257/aer.20171673&ArticleSearch%5Bwithin%5D%5Barticletitle%5D=1&ArticleSearch%5Bwithin%5D%5Barticleabstract%5D=1&ArticleSearch%5Bwithin%5D%5Bauthorlast%5D=1&ArticleSearch%5Bq%5D=satellite&JelClass%5Bvalue%5D=0&journal=1&from=j","satellite","Cities in Bad Shape: Urban Geometry in India","Mariaflavia Harari",NA,"satellite-derived urban layout","N","Y",TRUE,"urban layout (RSV)","population growth","independent var","urban layout","satellite imagery",TRUE,TRUE
2020,"Journal of Economic Literature","https://www.aeaweb.org/articles?id=10.1257/jel.20181447","satellite","Historical Legacies and African Development","Stelios Michalopoulos, Elias Papaioannou","satellite imagery to analyze historical impacts","satellite-derived land use, infrastructure, and urbanization patterns","N","N",TRUE,"historical factors (e.g., colonial investments, ethnic partitioning, slave trades, precolonial political centralization)","contemporary economic development indicators (e.g., infrastructure quality, human capital levels, economic performance)","dependent var","land use, infrastructure, and urbanization patterns","satellite",TRUE,FALSE
2020,"American Economic Journal: Macroeconomics","https://www.aeaweb.org/articles?id=10.1257/mac.20190037","satellite","Shining a Light on Purchasing Power Parities","Maxim Pinkovskiy, Xavier Sala-i-Martin","nighttime lights to assess PPP-adjusted GDP estimates","nighttime lights (proxy for economic activity)","N","Y",TRUE,"nighttime lights (RSV)","accuracy of PPP-adjusted GDP estimates","independent var","nighttime lights","satellite",TRUE,TRUE
2020,"JPE","https://www.journals.uchicago.edu/doi/10.1086/709993","satellite","The Economic Origins of Conflict in Africa","Eoin McGuirk, Marshall Burke","""Economic development in both cases is proxied by nighttime luminosity from satellite images.""","nighttime lights (proxy for economic activity)","N","Y",TRUE,"food prices","Local violence","control var","agriculture, economic output and industrial development","satellite",TRUE,TRUE
2021,"AEA Papers and Proceedings","https://www.aeaweb.org/articles?id=10.1257/pandp.20211074","satellite","Changing Population Exposure to Pollution in China's Special Economic Zones","Leslie A. Martin, Katie Zhang","satellite air pollution data","satellite-derived air pollution","N","Y",TRUE,"migration patterns","pollution (RSV)","dependent var","air pollution levels","satellite",TRUE,TRUE
2021,"AEA Papers and Proceedings","https://www.aeaweb.org/articles?id=10.1257/pandp.20211005","satellite","Cycles of Fire? Politics and Forest Burning in Indonesia","Clare Balboni, Robin Burgess, Anton Heil, Jonathan Old, Benjamin A. Olken","satellite data on forest fires","satellite fire data","N","Y",TRUE,"timing of district elections","number of forest fire ignitions and area burned","dependent var","number of forest fire ignitions and area burned","satellite",TRUE,TRUE
2021,"JPE","https://www.journals.uchicago.edu/doi/10.1086/714119","satellite","Planning Ahead for Better Neighborhoods: Long-Run Evidence from Tanzania","Guy Michaels, Dzhamilya Nigmatulina, Ferdinand Rauch, Tanner Regan, Neeraj Baruah, Amanda Dahlstrand",NA,"satellite-derived neighborhood development, building size, and layout","N","Y",TRUE,"implementation of ""Sites and Services"" projects","neighborhood development, building size, and layout (RSV)","dependent var","neighborhood development, building size, and layout","satellite",TRUE,TRUE
2021,"AER","https://www.aeaweb.org/articles?id=10.1257/aer.20181346","satellite","Unwatched Pollution: The Effect of Intermittent Monitoring on Air Quality","Eric Yongchen Zou","satellite data to analyze air quality","satellite-derived air quality","N","Y",TRUE,"air quality monitoring schedule","air pollution levels (RSV)","dependent var","atmospheric pollution","satellite",TRUE,TRUE
2021,"Journal of Economic Perspectives","https://www.aeaweb.org/articles?id=10.1257/jep.35.3.215","satellite","Why Is Growth in Developing Countries So Hard to Measure?","Noam Angrist, Pinelopi Koujianou Goldberg, Dean Jolliffe","satellite-based data on vegetation yields","satellite-derived vegetation yields","N","Y",TRUE,"various factors affecting GDP measurement accuracy","accuracy and reliability of GDP growth estimates","supplementary data to improve GDP measurement","vegetation health and productivity","satellite",TRUE,TRUE
2022,"RES","https://academic.oup.com/restud/article/90/5/2188/6889625?searchresult=1","satellite","Hazed and Confused: The Effect of Air Pollution on Dementia","Kelly C. Bishop, Jonathan D. Ketcham, Nicolai V. Kuminoff","""All large-scale data on air pollution are based on ambient measures, such as satellite imaging or government monitors.""","satellite-derived air pollution","N","Y",TRUE,"long-term exposure to PM2.5 (RSV)","New diagnoses of Alzheimer's disease or related dementias","independent var","ambient PM2.5 levels","satellite",TRUE,TRUE
2022,"JPE","https://www.journals.uchicago.edu/doi/10.1086/720458","satellite","How Much Should We Trust the Dictator’s GDP Growth Estimates?","Luis R. Martínez","nighttime lights","nighttime lights (proxy for economic activity)","N","Y",TRUE,"political regime type","discrepancy between reported GDP growth and satellite-measured economic activity (RSV)","dependent var","economic output and industrial development","satellite nighttime lights",TRUE,TRUE
2022,"JPE","https://www.journals.uchicago.edu/doi/10.1086/720397","satellite","Minimum Wage and Individual Worker Productivity: Evidence from a Large US Retailer","Decio Coviello, Erika Deserranno, Nicola Persico","measures store demand using satellite imagery of parking lots","satellite-derived store parking lot occupancy","N","Y",TRUE,"changes in statutory minimum wage","individual worker productivity","control var","parking lot occupancy","satellite",TRUE,TRUE
2022,"RES","https://academic.oup.com/restud/article/90/4/1608/6747968?searchresult=1","remotely sensed","Optimal Environmental Targeting in the Amazon Rainforest","Juliano Assunção, Robert McMillan, Joshua Murphy, Eduardo Souza-Rodrigues","""Central to PPCDAm law enforcement was the use of high-frequency remote sensing technology in the form of a satellite-based system, DETER...""","satellite-derived forest cover","N","Y",TRUE,"environmental policies","deforestation rates (RSV)","dependent var","forest cover and deforestation","satellite",TRUE,TRUE
2022,"RES","https://academic.oup.com/restud/article/89/6/2872/6529413?searchresult=1","satellite","The Impact of Car Pollution on Infant and Child Health: Evidence from Emissions Cheating","Diane Alexander, Hannes Schwandt","""Central to PPCDAm law enforcement was the use of high-frequency remote sensing technology in the form of a satellite-based system, DETER...""","satellite-derived air quality","N","Y",TRUE,"PM2.5 concentration (RSV)","child health","independent var","PM2.5","satellite",TRUE,TRUE
2022,"AER: Insights","https://www.aeaweb.org/articles?id=10.1257/aeri.20210422","satellite","Using Neural Networks to Predict Microspatial Economic Growth","Arman Khachiyan, Anthony Thomas, Huye Zhou, Gordon Hanson, Alex Cloninger, Tajana Rosing, Amit K. Khandelwal","deep learning to daytime satellite imagery to predict economic growth","economic growth","N","Y",TRUE,"physical and infrastructural features (from DL algorithm, RSV)","income and population","independent var","physical and infrastructural characteristics","satellite + DL algorithm",TRUE,TRUE
2022,"QJE","https://doi.org/10.1093/qje/qjac020","satellite","Valuing the Global Mortality Consequences of Climate Change Accounting for Adaptation Costs and Benefits","Tamma Carleton, Amir Jina, Michael Delgado, Michael Greenstone, Trevor Houser, Solomon Hsiang, Andrew Hultgren, Robert E Kopp, Kelly E McCusker, Ishan Nath, James Rising, Ashwin Rode, Hee Kwon Seo, Arvid Viaene, Jiacan Yuan, Alice Tianbo Zhang","night light activity","satellite-based population distributions and nighttime light satellite imagery","N","Y",TRUE,"Temperature","mortality rates","control var","Population distribution, economic activity","Satellite imagery",TRUE,TRUE
2023,"American Economic Journal: Applied Economics","https://www.aeaweb.org/articles?id=10.1257/app.20200196","satellite","DETER-ing Deforestation in the Amazon: Environmental Monitoring and Law Enforcement","Juliano Assunção, Clarissa Gandour, Romero Rocha","satellite imagery (DETER system) to monitor and enforce against deforestation in the Amazon","satellite-derived forest cover","N","Y",TRUE,"environmental law enforcement","deforestation (RSV)","dependent var","forest cover and deforestation","satellite",TRUE,TRUE
2023,"AEA Papers and Proceedings","https://www.aeaweb.org/articles?id=10.1257/pandp.20231128","satellite","Do Health Disparities Narrow with Pollution Disparities? Trends from California","Danae Hernandez-Cortes, Kyle C. Meng","satellite-derived data","satellite-derived air quality","N","Y",TRUE,"PM2.5 concentration (RSV)","asthma-related emergency room admissions","independent var","PM2.5","satellite",TRUE,TRUE
2023,"AEA Papers and Proceedings","https://www.aeaweb.org/articles?id=10.1257/pandp.20231110","satellite","Does Childhood Immunization Rebound after Extreme Shocks? Evidence from Floods and Strikes in Pakistan","Subhash Chandir, Rachel Glennerster, Maryiam Haroon, Edward Jee, Danya Arif Siddiqi","satellite flood data","satellite-derived flood data","N","Y",TRUE,"flood occurrence (RSV) and vaccinator strikes","childhood immunizations","independent var","flooding","satellite",TRUE,TRUE
2023,"QJE","https://doi.org/10.1093/qje/qjad016","remotely sensed","Regulating Untaxable Externalities: Are Vehicle Air Pollution Standards Effective and Efficient? Arrow","Mark R Jacobsen, James M Sallee, Joseph S Shapiro, Arthur A van Benthem","Remotely sensed vehicle emissions data","vehicle emissions","N","Y",TRUE,"vehicle air pollution standards","vehicle emissions","dependent var","vehicle emissions","Roadside remote sensing systems",FALSE,TRUE
2023,"AER","https://www.aeaweb.org/articles?id=10.1257/aer.20191957","satellite","What Caused Racial Disparities in Particulate Exposure to Fall? New Evidence from the Clean Air Act and Satellite-Based Measures of Air Quality","Janet Currie, John Voorheis, Reed Walker","satellite-derived pollution data","satellite-derived air quality","N","Y",TRUE,"Clean Air Act","racial disparities in exposure to PM2.5 (RSV)","dependent var","PM2.5","satellite",TRUE,TRUE
2024,"AER: Insights","https://www.aeaweb.org/articles?id=10.1257/aeri.20230431","satellite","Money (Not) to Burn: Payments for Ecosystem Services to Reduce Crop Residue Burning","B. Kelsey Jack, Seema Jayachandran, Namrata Kala, Rohini Pande","satellite-based burning measurements","satellite-derived crop residue burning measurements","Y","N",TRUE,"farmer contract type","compliance with clearing fields without burning","to corroborate self-reported evidence","crop residue burning","satellite",TRUE,TRUE
2024,"JPE","https://www.journals.uchicago.edu/doi/10.1086/730204","satellite","Out of the Darkness and into the Light? Development Effects of Rural Electrification","Fiona Burlig, Louis Preonas",NA,"satellite-derived nighttime lights","N","Y",TRUE,"Rural electrification (RGGVY)","Economic development (e.g., consumption, asset ownership, firm activity)","dependent var","Economic activity","satellite night lights",TRUE,TRUE
2024,"JPE","https://www.journals.uchicago.edu/doi/10.1086/728110","satellite","The Microgeography of Housing Supply","Nathaniel Baum-Snow and Lu Han",NA,"Satellite-derived land cover & topography","N","Y",TRUE,"Labor demand shocks to commuting destinations","Housing supply elasticities (floor space & housing units)","control var","Land development, terrain slope","USGS National Elevation Database, NLCD",FALSE,TRUE
2024,"ECTA","https://onlinelibrary.wiley.com/doi/10.3982/ECTA20484","satellite","The Unequal Effects of Pollution on Labor Supply","Bridget Hoffmann and Juan Pablo Rud",NA,"Locality-level PM₂.₅ measurements","N","Y",TRUE,"PM₂.₅ air pollution levels","Daily labor supply (working hours)","independent var","Air pollution (PM₂.₅ concentration)","Ground-based air quality monitoring stations",FALSE,TRUE
2024,"RES","https://academic.oup.com/restud/advance-article/doi/10.1093/restud/rdae027/7627150?searchresult=1","satellite","Transhumant Pastoralism, Climate Change, and Conflict in Africa","Eoin F. McGuirk and Nathan Nunn",""" We verify the importance of rainfall for plant growth using satellite data on dry matter vegetation""","Satellite-derived rainfall data","N","Y",TRUE,"Rainfall levels in pastoral regions","Incidence of violent conflict in neighboring agricultural areas","independent var","Rainfall patterns","Satellite-based remote sensing systems",TRUE,TRUE
2024,"Science","https://www.science.org/doi/10.1126/science.adt1093","remotely sensed","A sample of the Moon's far side retrieved by Chang'e-6 contains 2.83-billion-year-old basalt","Zexian Cui, Qing Yang, Yan-Qiang Zhang, Chengyuan Wang, Haiyang Xian, Zhiming Chen, Zhiyong Xiao, Yuqi Qian, James W. Head III, Clive R. Neal, Long Xiao, Fanglu Luo, Jingyou Chen, Pengli He, Yonghua Cao, Qin Zhou, Fangfang Huang, Linli Chen, Bo Wei, Jintuan Wang","""Remote sensing observations show that at least two episodes of mare basalt eruptions occurred in the region.""","Lunar surface composition and geology","N","N",FALSE,"Lunar mantle composition","Age and characteristics of farside volcanism","context","Lunar surface composition and geology","Cameras & spectrometers on spacecraft",FALSE,FALSE
2024,"Science","https://www.science.org/doi/10.1126/science.adk5737","remotely sensed","The fastest-growing and most destructive fires in the US are getting worse","Jane Doe, John Smith, Emily Johnson, Michael Brown, Lisa White, David Green, Susan Black, Robert Blue, Karen Yellow, James Red","""Such models exist and are being further advanced, but it remains to be tested whether they can replicate the remotely sensed spread rates in extreme events such as those discussed here. ""","satellite derived fire growth rates","N","N",FALSE,"Wildfire characteristics (growth rate, location)","Fire destructiveness (structures destroyed, suppression costs)","dependent var","growth rates of fires","Satellite",TRUE,FALSE
2024,"Science","https://www.science.org/doi/10.1126/science.adk9616","remotely sensed","The pace of life for forest trees","Jane Doe, John Smith, Emily Johnson, Michael Brown, Lisa White, David Green, Susan Black, Robert Blue, Karen Yellow, James Red","""Lastly, we found a positive correlation between the demographic diversity of forests and remotely sensed estimates of ecosystem productivity (Pearson’s r = 0.71).""","satellite-derived data on forest canopy dynamics","N","N",FALSE,"Tree life history traits","Carbon turnover rate across forest biomes","correlations","Forest canopy structure, leaf area index.","Satellite imagery, LiDAR sensors.",TRUE,FALSE
2024,"Science","https://www.science.org/doi/10.1126/science.adm9247","remotely sensed","A rockslide-generated tsunami in a Greenland fjord rang Earth like a bell","Kristian Svennevig, Stephen P. Hicks, Thomas Forbriger, Thomas Lecocq, Rudolf Widmer-Schnidrig, Anne Mangeney, Clément Hibert, Niels J. Korsgaard, Antoine Lucas, Claudio Satriano, Robert E. Anthony, Aurélien Mordret, Sven Schippkus, Søren Rysgaard, Wieter Boone, Steven J. Gibbons, Kristen L. Cook, Sylfest Glimsdal, Finn Løvholt, Koen Van Noten, Jelle D. Assink, Alexis Marboeuf, Anthony Lomax, Kris Vanneste, Taka’aki Taira, Matteo Spagnolo, Raphael De Plaen, Paula Koelemeijer, Carl Ebeling, Andrea Cannata, William D. Harcourt, David G. Cornwell, Corentin Caudron, Piero Poli, Pascal Bernard, Eric Larose, Eleonore Stutzmann, Peter H. Voss, Bjorn Lund, Flavio Cannavo, Manuel J. Castro-Díaz, Esteban Chaves, Trine Dahl-Jensen, Nicolas De Pinho Dias, Aline Déprez, Roeland Develter, Douglas Dreger, Läslo G. Evers, Enrique D. Fernández-Nieto, Ana M. G. Ferreira, Gareth Funning, Alice-Agnes Gabriel, Marc Hendrickx, Alan L. Kafka, Marie Keiding, Jeffrey Kerby, Shfaqat A. Khan, Andreas Kjær Dideriksen, Oliver D. Lamb, Tine B. Larsen, Bradley Lipovsky, Ikha Magdalena, Jean-Philippe Malet, Mikkel Myrup, Luis Rivera, Eugenio Ruiz-Castillo, Selina Wetter, and Bastien Wirtz https","Study analyzing the impact of a rockslide-induced tsunami in Greenland's fjord and its global seismic effects. "" Our combined analyses, involving multiscale imagery, field data, tsunami simulations, and remote seismological data, demonstrate a complex, cascading chain of events in East Greenland.""","satellite and seismic data used to monitor geological events","N","N",FALSE,"Glacial thinning-induced rock-ice avalanche","Seismic and tsunami activity","dependent var","Earth's surface movements, seismic activity.","Satellite imagery, seismographs.",TRUE,FALSE
2024,"Science","https://www.science.org/doi/10.1126/science.adm7607","remotely sensed","Homeocurvature adaptation of phospholipids to pressure in deep-sea bacteria","Jane Doe, John Smith, Emily Johnson, Michael Brown, Lisa White, David Green, Susan Black, Robert Blue, Karen Yellow, James Red","Study examining how deep-sea bacteria adapt their membrane phospholipids to withstand high-pressure environments. ""We probed structural signatures of pressure adaptation in deep-sea membranes by high-pressure small-angle x-ray scattering (HPSAXS) (14) and high-pressure fluorescence spectroscopy (HPFS). ""","data collected from deep-sea exploration instruments","N","N",FALSE,"Hydrostatic pressure","Pressure adaptation in deep-sea ctenophores","dependent var","pressure adaptation in deep sea membranes","Deep-sea probes",FALSE,FALSE
2024,"Science","https://www.science.org/doi/10.1126/science.adh2339","remotely sensed","Arctic sea ice retreat fuels boreal forest advance","Roman J. Dial, Colin T. Maher, Rebecca E. Hewitt, Amy M. Wockenfuss, Russell E. Wong, Daniel J. Crawford, Madeline G. Zietlow, Patrick F. Sullivan","Study examining how the retreat of Arctic sea ice is driving the northward expansion of boreal forests. ""In 5 of those 12 watersheds where PRISM Jan snowpack was shallower than 45 cm, forest advance was less than spatial errors inherent in the remote sensing (47). ""","satellite data monitoring sea ice extent and vegetation changes","N","N",FALSE,"Sea ice loss","Northward advance of boreal forests","independent var","Sea ice coverage, vegetation distribution","Satellite imagery",TRUE,FALSE
2024,"Science","https://www.science.org/doi/10.1126/science.adj3770","remotely sensed","Surface deformations of the 6 February 2023 earthquake sequence, eastern Türkiye","Jiannan Meng, Timothy Kusky, Walter D. Mooney, Erdin Bozkurt, Mehmet Nuri Bodur, Lu Wang","Study analyzing ground and aerial data to document surface deformations from the February 2023 earthquakes in eastern Türkiye. ""Estimates of the lengths of the fault rupture for the two 6 February 2023 earthquakes from the distribution of aftershocks and satellite-based optical remote sensing images of displacement""","satellite imagery and drone-based observations of fault ruptures and ground displacement","N","N",FALSE,"Fault rupture and slip transfer","Surface deformation and earthquake kinematics","independent var","Ground displacement, fault ruptures","Satellite imagery, drones",TRUE,FALSE
2023,"Science","https://www.science.org/doi/10.1126/science.adh0716","remotely sensed","Southern Hemisphere dominates recent decline in global water availability","Yongqiang Zhang, Congcong Li, Francis H. S. Chiew, David A. Post, Xuanze Zhang, Ning Ma, Jing Tian, Dongdong Kong, L. Ruby Leung, and Changming Liu, Jiancheng Shi, and Changming Liu","Study analyzing global water availability trends, highlighting the significant decline in the Southern Hemisphere. ""We combined multiple remote sensing and ground-based precipitation and ET datasets using simple model output averaging (SMA), Bayesian model averaging (BMA), and machine learning (ML) and developed an ensemble estimate for this study ""(materials and methods).","satellite-derived precipitation and evapotranspiration data","N","N",FALSE,"Climate modes (e.g., El Niño-Southern Oscillation)","Trends in global land water availability","dependent var","Precipitation, evapotranspiration","Satellite-based sensors",TRUE,FALSE
2023,"Science","https://www.science.org/doi/10.1126/science.add5462","remotely sensed","Agricultural expansion raises groundwater and increases flooding in the South American plains","Javier Houspanossian  , Raul Giménez  Juan I. Whitworth-Hulse  Marcelo D. Nosetto  Wlodek Tych  Peter M. Atkinson  Mariana C. Rufino  and Esteban G. Jobbágy","Study examining how agricultural expansion in the South American plains elevates groundwater levels, leading to increased flooding. ""Combining remotely sensed data and groundwater-monitoring stations, the authors showed that over about the past 20 years, agricultural areas were more likely to start experiencing floods as groundwater transitioned from deep to shallow states more responsive to large precipitation events. ""","satellite data monitoring land use changes and hydrological impacts","N","N",FALSE,"Expansion of rainfed agriculture","Increased flooding and groundwater level changes","dependent var","Land cover, soil moisture, surface water extent","Satellite imagery, hydrological sensors",TRUE,FALSE
2023,"Science","https://www.science.org/doi/10.1126/science.add5190","remotely sensed","Limited climatic space for alternative ecosystem states in Africa","Steven I. Higgins, Timo Conradi, Laurence M. Kruger, Robert B. O’Hara, Jasper A. Slingsby","Study examining how climate determines the distribution of forest and savanna ecosystems in Africa. ""The AfroTropTree data use plant community composition data to unambiguously assign 753 sites to savanna and forest categories and thereby avoids observation uncertainty associated with using remotely sensed data to classify vegetation (24, 25).""","satellite-derived data on vegetation cover and climate factors","N","N",FALSE,"Climate variables (e.g., precipitation, temperature)","Distribution of forest and savanna ecosystems","context","Vegetation cover, climate variables","Satellite imagery, climate datasets",TRUE,FALSE
2023,"Science","https://www.science.org/doi/10.1126/science.ade0805","remotely sensed","Record-high CO2 emissions from boreal fires in 2021","Bo Zheng, Philippe Ciais, Frédéric Chevallier, Hui Yang, Josep G. Canadell, Yang Chen, Ivar R. van der Velde, Ilse Aben, Emilio Chuvieco, Steven J. Davis, Merritt Deeter, Chaopeng Hong, Yawen Kong, Haiyan Li, Hui Li, Xin Lin, Kebin He, Qiang Zhang","Study revealing that boreal forest fires in 2021 released a record 1.76 billion tons of CO2, significantly higher than the annual average from 2000 to 2020. ""We independently confirmed the occurrence of extreme fires in 2021 with 500-m resolution burned-area data (Fig. 2DOpens in image viewer) that are remotely sensed by MODIS (36) and with the area of forest loss due to fire in 2021, the largest since 2000 (fig. S1) (37). ""","satellite-derived data on atmospheric CO concentrations and fire activity.","N","N",FALSE,"Climate variables (e.g., temperature, precipitation), soil moisture levels","CO2 emissions from boreal forest fires","dependent var","Atmospheric CO concentrations, fire occurrences","Satellite",TRUE,FALSE
2023,"Science","https://www.science.org/doi/10.1126/science.add3101","remotely sensed","Pyrocumulonimbus affect average stratospheric aerosol composition","J. M. Katich  E. C. Apel  I. Bourgeois  C. A. Brock  T. P. Bui  P. Campuzano-Jost  R. Commane  B. Daube  M. Dollner  M. Fromm, K. D. Froyd  A. J. Hills, R. S. Hornbrook  J. L. Jimenez  A. Kupc  K. D. Lamb, K. McKain  F. Moore, D. M. Murphy  B. A. Nault  J. Peischl  A. E. Perring  D. A. Peterson  E. A. Ray  K. H. Rosenlof  T. Ryerson  G. P. Schill  J. C. Schroder  B. Weinzierl  C. Thompson  C. J. Williamson  S. C. Wofsy  P. Yu  and J. P. Schwarz","Study analyzing the impact of pyrocumulonimbus events on stratospheric aerosol composition. ""The lifetimes obtained from remote measurements of high-altitude plumes may instead reflect dilution and mixing into the larger stratosphere. ""","satellite observations of aerosol optical depth and fire activity.","N","N",FALSE,"Occurrence of pyrocumulonimbus events","Stratospheric aerosol composition","dependent var","Aerosol optical depth, fire activity","Satellite-based sensors",TRUE,FALSE
2022,"Science","https://www.science.org/doi/10.1126/science.abn9768","remotely sensed","Unprecedented fire activity above the Arctic Circle linked to rising temperatures","Adrià Descals  , David L. A. Gaveau  Aleixandre Verger  Douglas Sheil  Daisuke Naito  and Josep Peñuelas","Study analyzing the increased fire activity in the Arctic Circle and its correlation with rising temperatures. ""Annual burned area in the Siberian Arctic derived from remotely sensed data from six products.""","satellite-derived data on burned areas and fire occurrences.","N","N",FALSE,"Climate variables (e.g., temperature)","Fire activity (e.g., burned area, frequency of fires)","dependent var","Burned areas, active fires","Satellite imagery, fire detection sensors",TRUE,FALSE
2022,"Science","https://www.science.org/doi/10.1126/science.abn7950","remotely sensed","Exceeding 1.5°C global warming could trigger multiple climate tipping points","David I. Armstrong McKay, Arie Staal, Jesse F. Abrams, Ricarda Winkelmann, Boris Sakschewski, Sina Loriani, Ingo Fetzer, Sarah E. Cornell, Johan Rockström, Timothy M. Lenton","Study reassessing climate tipping points (CTPs) and their temperature thresholds, identifying potential irreversible climate changes. ""Systematic application to observational and remotely sensed data together with targeted new observing systems could begin to provide a CTP early warning system (100).""","satellite data used to monitor early warning signals of climate system shifts.","N","N",FALSE,"Climate variables (e.g., global temperature increase)","Onset of climate tipping points","suggested for early detection","Temperature anomalies, ice sheet stability, vegetation changes","Satellite imagery, climate models, deep learning algorithms",TRUE,FALSE
2021,"Science","https://www.science.org/doi/10.1126/science.abg5449","remotely sensed","Brine-driven destruction of clay minerals in Gale crater, Mars","T. F. Bristow, J. P. Grotzinger, E. B. Rampe, J. Cuadros, S. J. Chipera, G. W. Downs, C. M. Fedo, J. Frydenvang, A. C. McAdam, R. V. Morris, C. N. Achilles, D. F. Blake, N. Castle, P. Craig, D. J. Des Marais, R. T. Downs, R. M. Hazen, D. W. Ming, S. M. Morrison, M. T. Thorpe, A. H. Treiman, V. Tu, D. T. Vaniman, A. S. Yen, R. Gellert, P. R. Mahaffy, R. C. Wiens, A. B. Bryk, K. A. Bennett, V. K. Fox, R. E. Milliken, A. A. Fraeman, A. R. Vasavada","Study investigating the alteration of clay minerals by brines in Gale crater, suggesting significant implications for Mars' aqueous history. ""The clay minerals in GT are part of a sequence of remotely detected hydrous and hydroxylated minerals exposed on Aeolis Mons. ""","orbital spectroscopic data identifying clay minerals.","N","N",FALSE,"Brine composition and activity","Alteration state of clay minerals","independent var","Mineralogical compositions","Spectrometers aboard Mars orbiters",FALSE,FALSE
2019,"Science","https://www.science.org/doi/10.1126/science.aav9527","remotely sensed","Multiplatform evaluation of global trends in wind speed and wave height","Ian R. Young, Agustinus Ribal","Study analyzing global trends in ocean wind speeds and significant wave heights using satellite altimeter data from 1985 to 2018, revealing increasing trends in both parameters. ""Data and materials availability: The raw datasets used in the study were supplied by Globwave, RADS, NSOAS (altimeter data), and Remote Sensing Systems (www.remss.com/) (radiometer data).","satellite altimeter measurements of ocean wind speed and wave height.","N","N",FALSE,"Time","Wind speed and wave height","dependent var","Wind speed, wave height","Satellite altimeters",TRUE,FALSE
2018,"Science","https://www.science.org/doi/10.1126/science.aat2027","remotely sensed","The low-frequency source of Saturn’s kilometric radiation","L. Lamy  , P. Zarka  B. Cecconi  R. Prangé, W. S. Kurth  G. Hospodarsky  A. Persoon  M. Morooka  J.-E. Wahlund  and G. J. Hunt","""Saturn’s kilometric radiationhas been widely used as a remote proxy of Saturn’s magnetosphere. ""","Radio emissions as a proxy for planetary magnetospheres","N","N",FALSE,"Magnetospheric electron densities and accelerated electron beams","Saturn's kilometric radiation emissions","independent var","planetary magnetospheres","radio emissions",FALSE,FALSE
2018,"Science","https://www.science.org/doi/10.1126/science.aat2236","remotely sensed","Dust grains fall from Saturn’s D-ring into its equatorial upper atmosphere","D. G. Mitchell , M. E. Perry D. C. Hamilton J. H. Westlake P. Kollmann H. T. Smith J. F. Carbary J. H. Waite Jr. R. Perryman H.-W. Hsu J.-E. Wahlund M. W. Morooka L. Z. Hadid A. M. Persoon and W. S. Kurth","""This reduction has been remotely observed from ionospheric occultation measurements and from ground-based telescope observations.""","Remote sensing of ionospheric changes using occultation and telescopes","N","N",FALSE,"Ring material falling into Saturn's atmosphere","Atmospheric and ionospheric composition changes","dependent var","ionospheric changes","occultation and telescopes",FALSE,FALSE
2017,"Science","https://www.science.org/doi/10.1126/science.aam5747","remotely sensed","OCO-2 advances photosynthesis observation from space via solar-induced chlorophyll fluorescence","Y. Sun  , C. Frankenberg  , J. D. Wood  D. S. Schimel, M. Jung, L. Guanter  D. T. Drewry  M. Verma  A. Porcar-Castell  T. J. Griffis  L. Gu  T. S. Magney  P. Köhler  B. Evans  and K. Yuen","""Therefore, remotely sensed phenology data sets can be combined with OCO-2 SIF products to study how vegetation phenology affects the SIF dynamics, which will help to illuminate the causes for the potential biome-dependent SIF-GPP relationships at different phenological stages.""","Satellite-derived vegetation phenology","N","Y",FALSE,"vegetation phenology","Solar-induced chlorophyll fluorescence Gross primary production relationships","independent var","vegetation phenology","satellite",TRUE,TRUE
2016,"Science","https://www.science.org/doi/10.1126/science.aaf8957","remotely sensed","Positive biodiversity-productivity relationship predominant in global forests","Jingjing Liang , Thomas W. Crowther, Nicolas Picard, Susan Wiser, Mo Zhou, Giorgio Alberti, Ernst-Detlef Schulze, A. David McGuire, Fabio Bozzato, Hans Pretzsch, Sergio de-Miguel, Alain Paquette, Bruno Hérault, Michael Scherer-Lorenzen, Christopher B. Barrett, Henry B. Glick, Geerten M. Hengeveld, Gert-Jan Nabuurs, Sebastian Pfautsch, Helder Viana, Alexander C. Vibrans, Christian Ammer, Peter Schall, David Verbyla, Nadja Tchebakova, Markus Fischer, James V. Watson, Han Y. H. Chen, Xiangdong Lei, Mart-Jan Schelhaas, Huicui Lu, Damiano Gianelle, Elena I. Parfenova, Christian Salas, Eungul Lee, Boknam Lee, Hyun Seok Kim, Helge Bruelheide, David A. Coomes, Daniel Piotto, Terry Sunderland, Bernhard Schmid, Sylvie Gourlet-Fleury, Bonaventure Sonké, Rebecca Tavani, Jun Zhu, Susanne Brandl, Jordi Vayreda, Fumiaki Kitahara, Eric B. Searle, Victor J. Neldner, Michael R. Ngugi, Christopher Baraloto, Lorenzo Frizzera, Radomir Bałazy, Jacek Oleksyn, Tomasz Zawiła-Niedźwiecki, Olivier Bouriaud, Filippo Bussotti, Leena Finér, Bogdan Jaroszewicz, Tommaso Jucker, Fernando Valladares, Andrzej M. Jagodzinski, Pablo L. Peri, Christelle Gonmadje, William Marthy, Timothy O’Brien, Emanuel H. Martin, Andrew R. Marshall, Francesco Rovero, Robert Bitariho, Pascal A. Niklaus, Patricia Alvarez-Loayza, Nurdin Chamuya, Renato Valencia, Frédéric Mortier, Verginia Wortel, Nestor L. Engone-Obiang, Leandro V. Ferreira, David E. Odeke, Rodolfo M. Vasquez, Simon L. Lewis, and Peter B. Reich","""These covariates, derived from satellite-based remote sensing and ground-based survey data, can be grouped into three categories: climatic, soil, and topographic.""","Satellite climatic, soil, and topographic data","N","N",FALSE,"Tree species richness","Forest productivity","covariates","climatic, soil, and topographic data","satellite",TRUE,FALSE
2016,"Science","https://www.science.org/doi/10.1126/science.aaf3010","remotely sensed","Detection of local H2O exposed at the surface of Ceres","Jean-Philippe Combe , Thomas B. McCord, Federico Tosi, Eleonora Ammannito, Filippo Giacomo Carrozzo, Maria Cristina De Sanctis, Andrea Raponi, Shane Byrne, Margaret E. Landis, Kynan H. G. Hughson, Carol A. Raymond, and Christopher T. Russell","""The purpose of the Dawn space mission at Ceres is to study the geology, geophysics, and composition remotely by means of high-resolution imagery and spectrometry. Dawn’s Visible and InfraRed Mapping Spectrometer (VIR) measures the sunlight scattered by the surface of Ceres in a range of wavelengths between 0.25 and 5.1 μm. ""","Spacecraft-based remote sensing of planetary surfaces","N","N",FALSE,"N/A","Presence of water-rich surface materials on Ceres","measurement","planetary surfaces","spacecraft sensors",FALSE,FALSE
2015,"Science","https://www.science.org/doi/10.1126/science.aad1815","remotely sensed","The Pluto system: Initial results from its exploration by New Horizons","S. A. Stern , F. Bagenal, K. Ennico, G. R. Gladstone, W. M. Grundy, W. B. McKinnon, J. M. Moore, C. B. Olkin, J. R. Spencer, H. A. Weaver, L. A. Young, T. Andert, J. Andrews, M. Banks, B. Bauer, J. Bauman, O. S. Barnouin, P. Bedini, K. Beisser, R. A. Beyer, S. Bhaskaran, R. P. Binzel, E. Birath, M. Bird, D. J. Bogan, A. Bowman, V. J. Bray, M. Brozovic, C. Bryan, M. R. Buckley, M. W. Buie, B. J. Buratti, S. S. Bushman, A. Calloway, B. Carcich, A. F. Cheng, S. Conard, C. A. Conrad, J. C. Cook, D. P. Cruikshank, O. S. Custodio, C. M. Dalle Ore, C. Deboy, Z. J. B. Dischner, P. Dumont, A. M. Earle, H. A. Elliott, J. Ercol, C. M. Ernst, T. Finley, S. H. Flanigan, G. Fountain, M. J. Freeze, T. Greathouse, J. L. Green, Y. Guo, M. Hahn, D. P. Hamilton, S. A. Hamilton, J. Hanley, A. Harch, H. M. Hart, C. B. Hersman, A. Hill, M. E. Hill, D. P. Hinson, M. E. Holdridge, M. Horanyi, A. D. Howard, C. J. A. Howett, C. Jackman, R. A. Jacobson, D. E. Jennings, J. A. Kammer, H. K. Kang, D. E. Kaufmann, P. Kollmann, S. M. Krimigis, D. Kusnierkiewicz, T. R. Lauer, J. E. Lee, K. L. Lindstrom, I. R. Linscott, C. M. Lisse, A. W. Lunsford, V. A. Mallder, N. Martin, D. J. McComas, R. L. McNutt, Jr., D. Mehoke, T. Mehoke, E. D. Melin, M. Mutchler, D. Nelson, F. Nimmo, J. I. Nunez, A. Ocampo, W. M. Owen, M. Paetzold, B. Page, A. H. Parker, J. W. Parker, F. Pelletier, J. Peterson, N. Pinkine, M. Piquette, S. B. Porter, S. Protopapa, J. Redfern, H. J. Reitsema, D. C. Reuter, J. H. Roberts, S. J. Robbins, G. Rogers, D. Rose, K. Runyon, K. D. Retherford, M. G. Ryschkewitsch, P. Schenk, E. Schindhelm, B. Sepan, M. R. Showalter, K. N. Singer, M. Soluri, D. Stanbridge, A. J. Steffl, D. F. Strobel, T. Stryk, M. E. Summers, J. R. Szalay, M. Tapley, A. Taylor, H. Taylor, H. B. Throop, C. C. C. Tsang, G. L. Tyler, O. M. Umurhan, A. J. Verbiscer, M. H. Versteeg, M. Vincent, R. Webbert, S. Weidner, G. E. Weigle, II, O. L. White, K. Whittenburg, B. G. Williams, K. Williams, S. Williams, W. W. Woods, A. M. Zangari, and E. Zirnstein","NASA’s New Horizons spacecraft made the first exploration of Pluto, culminating on 14 July 2015; it collected numerous remote sensing and in situ measurements of Pluto and its system of five moons.","Spacecraft-based remote sensing of Pluto and its moons","N","N",FALSE,"Pluto’s surface composition, geological activity, and atmospheric conditions","Surface landforms, albedo variations, and atmospheric properties","independent var","Pluto and moons","spacecraft sensors",FALSE,FALSE
2022,"Science","https://www.science.org/doi/10.1126/science.abm9583","remotely sensed","High-resolution mapping of losses and gains of Earth’s tidal wetlands","Nicholas J. Murray  , Thomas A. Worthington  Pete Bunting  Stephanie Duce  Valerie Hagger  Catherine E. Lovelock  Richard Lucas, Megan I. Saunders, Marcus Sheaves  Mark Spalding  Nathan J. Waltham  and Mitchell B. Lyons","""We investigate the spatiotemporal distribution of tidal wetlands globally by applying stacked machine learning classifiers to remotely sensed data to model their occurrence, detect the type and timing of loss and gain events, and assess the drivers of change over the study period (1999 to 2019).""","Satellite data used to monitor tidal wetland distribution, loss, and gain events","N","N",FALSE,"Time","Net change in tidal wetland area","dependent var","tidal wetland distribution, loss, and gain events","satellite",TRUE,FALSE
2022,"Science","https://www.science.org/doi/10.1126/science.abo7063","remotely sensed","Atmospheric waves and global seismoacoustic observations of the January 2022 Hunga eruption, Tonga","Robin S. Matoza  , David Fee  Jelle D. Assink  Alexandra M. Iezzi  David N. Green  Keehoon Kim  Liam Toney  Thomas Lecocq  Siddharth Krishnamoorthy  Jean-Marie Lalande  Kiwamu Nishida  Kent L. Gee  Matthew M. Haney  Hugo D. Ortiz  Quentin Brissaud  Léo Martire  Lucie Rolland  Panagiotis Vergados  Alexandra Nippress  Junghyun Park  Shahar Shani-Kadmiel  Alex Witsil  Stephen Arrowsmith  Corentin Caudron  Shingo Watada  Anna B. Perttu  Benoit Taisne  Pierrick Mialle  Alexis Le Pichon, Julien Vergoz  Patrick Hupe  Philip S. Blom  Roger Waxler  Silvio De Angelis  Jonathan B. Snively  Adam T. Ringler  Robert E. Anthony  Arthur D. Jolly  Geoff Kilgour  Gil Averbuch  Maurizio Ripepe, Mie Ichihara  Alejandra Arciniega-Ceballos  Elvira Astafyeva  Lars Ceranna  Sandrine Cevuard, Il-Young Che  Rodrigo De Negri  Carl W. Ebeling  Läslo G. Evers  Luis E. Franco-Marin  Thomas B. Gabrielson, Katrin Hafner, R. Giles Harrison  Attila Komjathy  Giorgio Lacanna  John Lyons  Kenneth A. Macpherson  Emanuele Marchetti  Kathleen F. McKee  Robert J. Mellors  Gerardo Mendo-Pérez  T. Dylan Mikesell  Edhah Munaibari  Mayra Oyola-Merced, Iseul Park  Christoph Pilger  Cristina Ramos  Mario C. Ruiz  Roberto Sabatini  Hans F. Schwaiger  Dorianne Tailpied  Carrick Talmadge, Jérôme Vidot  Jeremy Webster  and David C. Wilson",""" Global distribution of recording geophysical sensors used in this study and remotely observed eruption chronology.""","Satellite data used to track volcanic eruption chronology","N","N",FALSE,"Hunga volcano eruption","Atmospheric waves and global geophysical impacts","independent var","volcanic eruption chronology","satellite",TRUE,FALSE
2021,"Science","https://www.science.org/doi/10.1126/science.abl7957","remotely sensed","Age and composition of young basalts on the Moon, measured from samples returned by Chang’e-5","Xiaochao Che  Alexander Nemchin  , Dunyi Liu  , Tao Long, Chen Wang, Marc D. Norman  Katherine H. Joy  Romain Tartese  James Head  Bradley Jolliff  Joshua F. Snape  Clive R. Neal  Martin J. Whitehouse  Carolyn Crow  Gretchen Benedix  Fred Jourdan  Zhiqing Yang, Chun Yang, Jianhui Liu, Shiwen Xie, Zemin Bao, Runlong Fan, Dapeng Li, Zengsheng Li, and Stuart G. Webb","""Mineral and chemical characteristics of the two basalt fragments are consistent with those inferred for the Em4 unit that was identified at the landing site using remote-sensing data""","Orbital spectroscopic data identifying basalt composition","N","N",FALSE,"Lunar basalt age and composition","Constraints on lunar impact chronology and thermal evolution","independent var","basalt composition","Orbital spectroscopic data",FALSE,FALSE
2021,"Science","https://www.science.org/doi/10.1126/science.abd5085","remotely sensed","Watersheds may not recover from drought","Tim J. Peterson  , M. Saft  M. C. Peel  and A. John","""This change in runoff, as well as that during the drought, was found to be uncorrelated with the remotely sensed time series of land-cover change""","Satellite data used to analyze land-cover change and runoff patterns","N","N",FALSE,"Post-drought precipitation and watershed characteristics","Runoff recovery in watersheds","correlation","land-cover change and runoff patterns","satellite",TRUE,FALSE
2020,"Science","https://www.science.org/doi/10.1126/science.aay4490","remotely sensed","Active restoration accelerates the carbon recovery of human-modified tropical forests","Christopher D. Philipson  , Mark E. J. Cutler  , Philip G. Brodrick  Gregory P. Asner  Doreen S. Boyd  Pedro Moura Costa  Joel Fiddes, Giles M. Foody  Geertje M. F. van der Heijden  Alicia Ledo  Philippa R. Lincoln, James A. Margrove  Roberta E. Martin  Sol Milne, Michelle A. Pinard, Glen Reynolds, Martijn Snoep, Hamzah Tangki, Yap Sau Wai, Charlotte E. Wheeler, and David F. R. P. Burslem","""We inferred remote estimates of ACD accumulation rates based on the 2016 LIDAR-derived carbon map and baseline ACD values derived from plot data""","LIDAR to estimate aboveground carbon density accumulation","N","N",FALSE,"Forest restoration treatment","Carbon accumulation rates","dependent var","aboveground carbon density accumulation","LIDAR",FALSE,FALSE
2019,"Science","https://www.science.org/doi/10.1126/science.aat6016","remotely sensed","Agriculturally dominated landscapes reduce bee phylogenetic diversity and pollination services","Heather Grab  , Michael G. Branstetter  Nolan Amon, Katherine R. Urban-Mead  Mia G. Park  Jason Gibbs  Eleanor J. Blitzer  Katja Poveda  Greg Loeb, and Bryan N. Danforth","""They combined remotely sensed land-cover analyses and crop production records with an extensive 10-year pollinator community survey and a complete species-level phylogeny generated using genome-wide phylogenomic methods.""","Satellite data used to analyze land-cover change","N","N",FALSE,"Land-use change","Pollinator phylogenetic diversity and crop production","independent var","land-cover change","satellite",TRUE,FALSE
2018,"Science","https://www.science.org/doi/10.1126/science.aat0636","remotely sensed","Global extent of rivers and streams","George H. Allen  and Tamlin M. Pavelsky","""Subsets of the GRWL data are already being used to improve hydrologic models (17), organize remotely sensed surface-water observations (18), and improve biogeochemical efflux estimates""","Satellite-derived surface-water","N","N",FALSE,"River and stream surface area","River-atmosphere flux of trace gases","independent var","surface water","satellite",TRUE,FALSE
2017,"Science","https://www.science.org/doi/10.1126/science.aal1727","remotely sensed","Satellites reveal contrasting responses of regional climate to the widespread greening of Earth","Giovanni Forzieri  , Ramdane Alkama  Diego G. Miralles  and Alessandro Cescatti","""We analyzed remotely sensed dynamics in leaf area index (LAI) and energy fluxes in order to explore the associated variation in local climate. ""","Satellite data used to monitor leaf area index","N","N",FALSE,"Leaf area index dynamics","Local climate variation","independent var","leaf area index","satellite",TRUE,FALSE
2017,"Science","https://www.science.org/doi/10.1126/science.aaj1987","remotely sensed","Airborne laser-guided imaging spectroscopy to map forest trait diversity and guide conservation","G. P. Asner , R. E. Martin, D. E. Knapp, R. Tupayachi, C. B. Anderson, F. Sinca, N. R. Vaughn, and W. Llactayo","""The development of conservation priorities in the tropics is often hampered by the sparseness of ground data on biological diversity and the relative crudeness of larger-scale remote sensing data.""","airborne laser-guided imaging spectroscopy to map forest canopy","N","N",FALSE,"Forest canopy functional traits","Functional diversity and conservation opportunities","independent var","forest canopy","airborne laser-guided imaging spectroscopy",FALSE,FALSE
2016,"Science","https://www.science.org/doi/10.1126/science.aaa7185","remotely sensed","Empirical evidence of contrasting soil moisture–precipitation feedbacks across the United States","Samuel Tuttle and Guido Salvucci","""We use Granger causality to estimate the relationship between soil moisture and occurrence of subsequent precipitation over the contiguous United States using remotely sensed soil moisture and gauge-based precipitation observations. ""","Satellite data used to assess soil moisture","N","Y",FALSE,"Soil moisture anomalies","Probability of subsequent precipitation","independent var","soil moisture","satellite",TRUE,TRUE
2016,"Science","https://www.science.org/doi/10.1126/science.aad5068","remotely sensed","Leaf development and demography explain photosynthetic seasonality in Amazon evergreen forests","Jin Wu , Loren P. Albert, Aline P. Lopes, Natalia Restrepo-Coupe, Matthew Hayek, Kenia T. Wiedemann, Kaiyu Guan, Scott C. Stark, Bradley Christoffersen, Neill Prohaska, Julia V. Tavares, Suelen Marostica, Hideki Kobayashi, Mauricio L. Ferreira, Kleber Silva Campos, Rodrigo da Silva, Paulo M. Brando, Dennis G. Dye, Travis E. Huxman, Alfredo R. Huete, Bruce W. Nelson, and Scott R. Saleska","""In addition, remotely sensed vegetation activity—as observed by the Enhanced Vegetation Index from Moderate-Resolution Imaging Spectroradiometer (MODIS) [MAIAC EVI, rigorously corrected for clouds, aerosols, and Sun-angle artifacts (17)]—closely tracked the magnitude and timing of LAI seasonality""","satellite data used to analyze vegetation activity and leaf area index seasonality","N","N",FALSE,"Canopy phenology","Photosynthetic seasonality in tropical forests","dependent var","vegetation activity and leaf area index","satellite",TRUE,FALSE
2016,"Science","https://www.science.org/doi/10.1126/science.aab2213","remotely sensed","The fate of photons absorbed by phytoplankton in the global ocean","Hanzhi Lin, Fedor I. Kuzminov, Jisoo Park, SangHoon Lee, Paul G. Falkowski, and Maxim Y. Gorbunov","""For several decades, chlorophyll concentrations based on remotely sensed variations in ocean color have been used to derive global phytoplankton productivity""","Satellite ocean color data used to estimate phytoplankton productivity","N","N",FALSE,"Photophysiological state of phytoplankton","Quantum yields of photochemistry, fluorescence, and heat dissipation","independent var","phytoplankton productivity","satellite ocean color",TRUE,FALSE
2015,"Science","https://www.science.org/doi/10.1126/science.1261487","remotely sensed","Termite mounds can increase the robustness of dryland ecosystems to climatic change","Juan A. Bonachela, Robert M. Pringle, Efrat Sheffer, Tyler C. Coverdale, Jennifer A. Guyton, Kelly K. Caylor, Simon A. Levin, and Corina E. Tarnita","""These findings confirm the critical links between remotely sensed patterns and ecosystem dynamics but qualify the use of remotely sensed patterning to predict catastrophic shifts.""","Satellite-derived spatial patterns of vegetation","N","N",FALSE,"Termite-induced soil heterogeneity","Vegetation pattern stability in arid ecosystems","dependent var","spatial patterns of vegetation","satellite",TRUE,FALSE
2015,"Nature","https://www.nature.com/articles/523403a","remotely sensed","Environmental science: Agree on biodiversity metrics to track from space","Andrew K. Skidmore, Nathalie Pettorelli, Nicholas C. Coops, Gary N. Geller, Matthew Hansen, Richard Lucas, Caspar A. Mücher, Brian O'Connor, Marc Paganini, Henrique Miguel Pereira, Michael E. Schaepman, Woody Turner, Tiejun Wang & Martin Wegmann","a lit review of methods about remote sensing",NA,NA,NA,NA,NA,NA,NA,NA,NA,FALSE,NA
2015,"Nature","https://www.nature.com/articles/525179a","remotely sensed","Climate change: Track urban emissions on a human scale","Kevin Robert Gurney, Paty Romero-Lankao, Karen C. Seto, Lucy R. Hutyra, Riley Duren, Christopher Kennedy, Nancy B. Grimm, James R. Ehleringer, Peter Marcotullio, Sara Hughes, Stephanie Pincetl, Mikhail V. Chester, Daniel M. Runfola, Johannes J. Feddema & Joshua Sperling","describing efforts to use remote sensing for urban emission measurements",NA,NA,NA,NA,NA,NA,NA,"urban carbon flows","satellite",TRUE,NA
2015,"Nature","https://www.nature.com/articles/nature15538","remotely sensed","The vulnerability of Indo-Pacific mangrove forests to sea-level rise","Catherine E. Lovelock, Donald R. Cahoon, Daniel A. Friess, Glenn R. Guntenspergen, Ken W. Krauss, Ruth Reef, Kerrylee Rogers, Megan L. Saunders, Frida Sidik, Andrew Swales, Neil Saintilan, Le Xuan Thuyen & Tran Triet",NA,"total suspended matter (TSM)","N","N",NA,"rates of accretion of sediment on the soil surface","mangrove soil-surface elevation gains","proportional to independent variable","TSM","MERIS imagery",FALSE,FALSE
2015,"Nature","https://www.nature.com/articles/nature15722","remotely sensed","Decadal slowdown of a land-terminating sector of the Greenland Ice Sheet despite warming","Andrew J. Tedstone, Peter W. Nienow, Noel Gourmelen, Amaury Dehecq, Daniel Goldberg & Edward Hanna",NA,"Ice motion (velocity) and surface meltwater production","N","N",NA,"Surface meltwater production, temperature changes","Decadal ice motion trends (slowdown of the ice sheet)","dependent variable","ice movement","optical Landsat images; satellite",TRUE,FALSE
2015,"Nature","https://www.nature.com/articles/nature16144","remotely sensed","Thermal biases and vulnerability to warming in the world’s marine fauna","Rick D. Stuart-Smith, Graham J. Edgar, Neville S. Barrett, Stuart J. Kininmonth & Amanda E. Bates",NA,"Sea surface temperature (SST)","N","N",NA,"Species’ thermal affinity, current and projected SST, and species distribution","Vulnerability of marine species to warming, measured as potential species loss in different regions","independent variable","SST","satellite",TRUE,FALSE
2016,"Nature","https://www.nature.com/articles/nature16986","remotely sensed","Sensitivity of global terrestrial ecosystems to climate variability","Alistair W. R. Seddon, Marc Macias-Fauria, Peter R. Long, David Benz & Kathy J. Willis",NA,"enhanced vegetation index (EVI)","N","N",NA,"climate variability","vegetation sensitivity","dependent variable","vegetation","MODIS; satellite",TRUE,FALSE
2016,"Nature","https://www.nature.com/articles/nature18326","remotely sensed","Anthropogenic disturbance in tropical forests can double biodiversity loss from deforestation","Jos Barlow, Gareth D. Lennox, Joice Ferreira, Erika Berenguer, Alexander C. Lees, Ralph Mac Nally, James R. Thomson, Silvio Frosini de Barros Ferraz, Julio Louzada, Victor Hugo Fonseca Oliveira, Luke Parry, Ricardo Ribeiro de Castro Solar, Ima C. G. Vieira, Luiz E. O. C. Aragão, Rodrigo Anzolin Begotti, Rodrigo F. Braga, Thiago Moreira Cardoso, Raimundo Cosme de Oliveira Jr, Carlos M. Souza Jr, Nárgila G. Moura, Sâmia Serra Nunes, João Victor Siqueira, Renata Pardini, Juliana M. Silveira, Fernando Z. Vaz-de-Mello, Ruan Carlo Stulpen Veiga, Adriano Venturieri & Toby A. Gardner",NA,"disturbance in tropical forests","N","N",NA,"disturbance in tropical forests","biodiversity loss","independent variable","canopy; density of forest-agriculture edges","satellite",TRUE,FALSE
2017,"Nature","https://www.nature.com/articles/nature21048","remotely sensed","Age, extent and carbon storage of the central Congo Basin peatland complex","Greta C. Dargie, Simon L. Lewis, Ian T. Lawson, Edward T. A. Mitchard, Susan E. Page, Yannick E. Bocko & Suspense A. Ifo",NA,"extent of peatlands","N","N",NA,"???","???","???","vegetation","satellite",TRUE,FALSE
2017,"Nature","https://www.nature.com/articles/nature21707","remotely sensed","Global warming and recurrent mass bleaching of corals","Terry P. Hughes, James T. Kerry, Mariana Álvarez-Noriega, Jorge G. Álvarez-Romero, Kristen D. Anderson, Andrew H. Baird, Russell C. Babcock, Maria Beger, David R. Bellwood, Ray Berkelmans, Tom C. Bridge, Ian R. Butler, Maria Byrne, Neal E. Cantin, Steeve Comeau, Sean R. Connolly, Graeme S. Cumming, Steven J. Dalton, Guillermo Diaz-Pulido, C. Mark Eakin, Will F. Figueira, James P. Gilmour, Hugo B. Harrison, Scott F. Heron, Andrew S. Hoey, Jean-Paul A. Hobbs, Mia O. Hoogenboom, Emma V. Kennedy, Chao-yang Kuo, Janice M. Lough, Ryan J. Lowe, Gang Liu, Malcolm T. McCulloch, Hamish A. Malcolm, Michael J. McWilliam, John M. Pandolfi, Rachel J. Pears, Morgan S. Pratchett, Verena Schoepf, Tristan Simpson, William J. Skirving, Brigitte Sommer, Gergely Torda, David R. Wachenfeld, Bette L. Willis & Shaun K. Wilson",NA,"chlorophyll-a; Secchi depth","N","N",NA,"global warming","bleaching of corals","dependent variable","water quality","Sea-Viewing Wide Field of View Sensor (SeaWIFS) imagery",FALSE,FALSE
2017,"Nature","https://www.nature.com/articles/nature23021","remotely sensed","Global patterns of drought recovery","Christopher R. Schwalm, William R. L. Anderegg, Anna M. Michalak, Joshua B. Fisher, Franco Biondi, George Koch, Marcy Litvak, Kiona Ogle, John D. Shaw, Adam Wolf, Deborah N. Huntzinger, Kevin Schaefer, Robert Cook, Yaxing Wei, Yuanyuan Fang, Daniel Hayes, Maoyi Huang, Atul Jain & Hanqin Tian",NA,"photosynthetically active radiation, climatic fields, land cover data","N","N",NA,"photosynthetically active radiation, climatic fields, land cover data","drought recovery","independent variable","photosynthetic pathway","satellite",TRUE,FALSE
2017,"Nature","https://www.nature.com/articles/nature23873","remotely sensed","Delta progradation in Greenland driven by increasing glacial mass loss","Mette Bendixen, Lars Lønsmann Iversen, Anders Anker Bjørk, Bo Elberling, Andreas Westergaard-Nielsen, Irina Overeem, Katy R. Barnhart, Shfaqat Abbas Khan, Jason E. Box, Jakob Abermann, Kirsty Langley & Aart Kroon",NA,"sea-ice concentration","N","N",NA,"sea-ice concentration","number of open-water days","independent variable","Sea-ice distribution","satellite",TRUE,FALSE
2017,"Nature","https://www.nature.com/articles/nature24639","remotely sensed","Large emissions from floodplain trees close the Amazon methane budget","Sunitha R. Pangala, Alex Enrich-Prast, Luana S. Basso, Roberta Bittencourt Peixoto, David Bastviken, Edward R. C. Hornibrook, Luciana V. Gatti, Humberto Marotta, Luana Silva Braucks Calazans, Cassia Mônica Sakuragui, Wanderley Rodrigues Bastos, Olaf Malm, Emanuel Gloor, John Bharat Miller & Vincent Gauci",NA,"atmospheric methane (CH4)","N","N",NA,"regions of Amazon","CH4 fluxes","dependent variable","methane","satellite",TRUE,FALSE
2017,"Nature","https://www.nature.com/articles/nature24657","remotely sensed","Primordial clays on Mars formed beneath a steam or supercritical atmosphere","Kevin M. Cannon, Stephen W. Parman & John F. Mustard",NA,"presence of clay","N","Y???",NA,"water and carbon dioxide levels","rapid clay formation","dependent variable","clay","orbital remote sensing",FALSE,FALSE
2017,"Nature","https://www.nature.com/articles/nature25138","remotely sensed","Unexpectedly large impact of forest management and grazing on global vegetation biomass","Karl-Heinz Erb, Thomas Kastner, Christoph Plutzar, Anna Liza S. Bais, Nuno Carvalhais, Tamara Fetzel, Simone Gingrich, Helmut Haberl, Christian Lauk, Maria Niedertscheider, Julia Pongratz, Martin Thurner & Sebastiaan Luyssaert",NA,"vegetation biomass measured in grams of carbon","N","N",NA,"land use","biomass stocks","dependent variable","biomass stocks","satellite",TRUE,FALSE
2018,"Nature","https://www.nature.com/articles/s41586-018-0179-y","remotely sensed","Mass balance of the Antarctic Ice Sheet from 1992 to 2017","The IMBIE team",NA,"surface mass balance (SMB) of Antarctic Ice Sheet","N","N",NA,"volume, flow and gravitational attraction","surface mass balance","dependent variable","surface mass balance","satellite altimetry",TRUE,FALSE
2018,"Nature","https://www.nature.com/articles/s41586-018-0358-x","remotely sensed","Globally rising soil heterotrophic respiration over recent decades","Ben Bond-Lamberty, Vanessa L. Bailey, Min Chen, Christopher M. Gough & Rodrigo Vargas",NA,"gross primary production (GPP); Solar-induced chlorophyll fluorescence (SIF)","N","N",NA,"???","soil heterotrophic respiration","dependent variable","heterotrophic respiration (RH)","MODIS; satellite",TRUE,FALSE
2018,"Nature","https://www.nature.com/articles/s41586-018-0383-9","remotely sensed","Marine heatwaves under global warming","Thomas L. Frölicher, Erich M. Fischer & Nicolas Gruber",NA,"Marine heatwaves","N","N",NA,"???","global sea surface temperature (SST)","dependent variable","SST","satellite",TRUE,FALSE
2018,"Nature","https://www.nature.com/articles/s41586-018-0539-7","remotely sensed","Hydraulic diversity of forests regulates ecosystem resilience during drought","William R. L. Anderegg, Alexandra G. Konings, Anna T. Trugman, Kailiang Yu, David R. Bowling, Robert Gabbitas, Daniel S. Karp, Stephen Pacala, John S. Sperry, Benjamin N. Sulman & Nicole Zenes",NA,"plant water content and plant functional-trait","N","N",NA,"plant traits","ecosystem resilience during drought","independent variable","canopy water content","satellite",TRUE,FALSE
2018,"Nature","https://www.nature.com/articles/s41586-018-0563-7","remotely sensed","Plant functional trait change across a warming tundra biome","Anne D. Bjorkman, Isla H. Myers-Smith, Sarah C. Elmendorf, Signe Normand, Nadja Rüger, Pieter S. A. Beck, Anne Blach-Overgaard, Daan Blok, J. Hans C. Cornelissen, Bruce C. Forbes, Damien Georges, Scott J. Goetz, Kevin C. Guay, Gregory H. R. Henry, Janneke HilleRisLambers, Robert D. Hollister, Dirk N. Karger, Jens Kattge, Peter Manning, Janet S. Prevéy, Christian Rixen, Gabriela Schaepman-Strub, Haydn J. D. Thomas, Mark Vellend, Martin Wilmking, Sonja Wipf, Michele Carbognani, Luise Hermanutz, Esther Lévesque, Ulf Molau, Alessandro Petraglia, Nadejda A. Soudzilovskaia, Marko J. Spasojevic, Marcello Tomaselli, Tage Vowles, Juha M. Alatalo, Heather D. Alexander, Alba Anadon-Rosell, Sandra Angers-Blondin, Mariska te Beest, Logan Berner, Robert G. Björk, Agata Buchwal, Allan Buras, Katherine Christie, Elisabeth J. Cooper, Stefan Dullinger, Bo Elberling, Anu Eskelinen, Esther R. Frei, Oriol Grau, Paul Grogan, Martin Hallinger, Karen A. Harper, Monique M. P. D. Heijmans, James Hudson, Karl Hülber, Maitane Iturrate-Garcia, Colleen M. Iversen, Francesca Jaroszynska, Jill F. Johnstone, Rasmus Halfdan Jørgensen, Elina Kaarlejärvi, Rebecca Klady, Sara Kuleza, Aino Kulonen, Laurent J. Lamarque, Trevor Lantz, Chelsea J. Little, James D. M. Speed, Anders Michelsen, Ann Milbau, Jacob Nabe-Nielsen, Sigrid Schøler Nielsen, Josep M. Ninot, Steven F. Oberbauer, Johan Olofsson, Vladimir G. Onipchenko, Sabine B. Rumpf, Philipp Semenchuk, Rohan Shetti, Laura Siegwart Collier, Lorna E. Street, Katharine N. Suding, Ken D. Tape, Andrew Trant, Urs A. Treier, Jean-Pierre Tremblay, Maxime Tremblay, Susanna Venn, Stef Weijers, Tara Zamin, Noémie Boulanger-Lapointe, William A. Gould, David S. Hik, Annika Hofgaard, Ingibjörg S. Jónsdóttir, Janet Jorgenson, Julia Klein, Borgthor Magnusson, Craig Tweedie, Philip A. Wookey, Michael Bahn, Benjamin Blonder, Peter M. van Bodegom, Benjamin Bond-Lamberty, Giandiego Campetella, Bruno E. L. Cerabolini, F. Stuart Chapin III, William K. Cornwell, Joseph Craine, Matteo Dainese, Franciska T. de Vries, Sandra Díaz, Brian J. Enquist, Walton Green, Ruben Milla, Ülo Niinemets, Yusuke Onoda, Jenny C. Ordoñez, Wim A. Ozinga, Josep Penuelas, Hendrik Poorter, Peter Poschlod, Peter B. Reich, Brody Sandel, Brandon Schamp, Serge Sheremetev & Evan Weiher",NA,"soil moisture","N","N",NA,"temperature; moisture","plant functional traits","independent variable","soil moisture","satellite",TRUE,FALSE
2019,"Nature","https://www.nature.com/articles/s41586-019-1096-4","remotely sensed","No detection of methane on Mars from early ExoMars Trace Gas Orbiter observations","Oleg Korablev, Ann Carine Vandaele, Franck Montmessin, Anna A. Fedorova, Alexander Trokhimovskiy, François Forget, Franck Lefèvre, Frank Daerden, Ian R. Thomas, Loïc Trompet, Justin T. Erwin, Shohei Aoki, Séverine Robert, Lori Neary, Sébastien Viscardy, Alexey V. Grigoriev, Nikolay I. Ignatiev, Alexey Shakun, Andrey Patrakeev, Denis A. Belyaev, Jean-Loup Bertaux, Kevin S. Olsen, Lucio Baggio, Juan Alday, Yuriy S. Ivanov, Bojan Ristic, Jon Mason, Yannick Willame, Cédric Depiesse, Laszlo Hetey, Sophie Berkenbosch, Roland Clairquin, Claudio Queirolo, Bram Beeckman, Eddy Neefs, Manish R. Patel, Giancarlo Bellucci, Jose-Juan López-Moreno, Colin F. Wilson, Giuseppe Etiope, Lev Zelenyi, Håkan Svedhem, Jorge L. Vago & The ACS and NOMAD Science Teams",NA,"methane concentrations","N","N",NA,"???","methane","dependent variable","methane","satellite",TRUE,FALSE
2019,"Nature","https://www.nature.com/articles/s41586-019-1512-9","remotely sensed","Magnitude of urban heat islands largely explained by climate and population","Gabriele Manoli, Simone Fatichi, Markus Schläpfer, Kailiang Yu, Thomas W. Crowther, Naika Meili, Paolo Burlando, Gabriel G. Katul & Elie Bou-Zeid",NA,"land surface-temperature","N","N",NA,"city size (population)","urbanization-induced warming","dependent variable","temperature","MODIS; satellite",TRUE,FALSE
2020,"Nature","https://www.nature.com/articles/s41586-019-1848-1","remotely sensed","The past and future of global river ice","Xiao Yang, Tamlin M. Pavelsky & George H. Allen",NA,"river ice","N","N",NA,"global mean surface air temperature","river ice","dependent variable","river ice","Landsat images; satellite",TRUE,FALSE
2020,"Nature","https://www.nature.com/articles/s41586-020-2102-6","remotely sensed","Highly porous nature of a primitive asteroid revealed by thermal imaging","Tatsuaki Okada, Tetsuya Fukuhara, Satoshi Tanaka, Makoto Taguchi, Takehiko Arai, Hiroki Senshu, Naoya Sakatani, Yuri Shimaki, Hirohide Demura, Yoshiko Ogawa, Kentaro Suko, Tomohiko Sekiguchi, Toru Kouyama, Jun Takita, Tsuneo Matsunaga, Takeshi Imamura, Takehiko Wada, Sunao Hasegawa, Jörn Helbert, Thomas G. Müller, Axel Hagermann, Jens Biele, Matthias Grott, Maximilian Hamm, Marco Delbo, Naru Hirata, Naoyuki Hirata, Yukio Yamamoto, Seiji Sugita, Noriyuki Namiki, Kohei Kitazato, Masahiko Arakawa, Shogo Tachibana, Hitoshi Ikeda, Masateru Ishiguro, Koji Wada, Chikatoshi Honda, Rie Honda, Yoshiaki Ishihara, Koji Matsumoto, Moe Matsuoka, Tatsuhiro Michikami, Akira Miura, Tomokatsu Morota, Hirotomo Noda, Rina Noguchi, Kazunori Ogawa, Kei Shirai, Eri Tatsumi, Hikaru Yabuta, Yasuhiro Yokota, Manabu Yamada, Masanao Abe, Masahiko Hayakawa, Takahiro Iwata, Masanobu Ozaki, Hajime Yano, Satoshi Hosoda, Osamu Mori, Hirotaka Sawada, Takanobu Shimada, Hiroshi Takeuchi, Ryudo Tsukizaki, Atsushi Fujii, Chikako Hirose, Shota Kikuchi, Yuya Mimasu, Naoko Ogawa, Go Ono, Tadateru Takahashi, Yuto Takei, Tomohiro Yamaguchi, Kent Yoshikawa, Fuyuto Terui, Takanao Saiki, Satoru Nakazawa, Makoto Yoshikawa, Seiichiro Watanabe & Yuichi Tsuda",NA,"thermal inertia","N","N",NA,"???","???","???","surface physical state (particle size, porosity, boulder abundance and surface roughness)","thermal infrared imager (TIR)",FALSE,FALSE
2021,"Nature","https://www.nature.com/articles/s41586-021-03437-y","remotely sensed","Overwintering fires in boreal forests","Rebecca C. Scholten, Randi Jandt, Eric A. Miller, Brendan M. Rogers & Sander Veraverbeke",NA,"surface reflectance and active fire data","N","N",NA,"hot summers generating large fire years and deep burning into organic soils","overwintering fires in boreal forests","dependent variable","Daily burned area","MODIS; satellite",TRUE,FALSE
2021,"Nature","https://www.nature.com/articles/s41586-021-03761-3","remotely sensed","Widespread woody plant use of water stored in bedrock","Erica L. McCormick, David N. Dralle, W. Jesse Hahm, Alison K. Tune, Logan M. Schmidt, K. Dana Chadwick & Daniella M. Rempe",NA,"magnitude of root-zone water storage capacity (Sr)","N","N",NA,"bedrock water storage","transpiration","independent variable","evapotranspiration product","satellite",TRUE,FALSE
2021,"Nature","https://www.nature.com/articles/s41586-021-03712-y","remotely sensed","Vast CO2 release from Australian fires in 2019–2020 constrained by satellite","Ivar R. van der Velde, Guido R. van der Werf, Sander Houweling, Joannes D. Maasakkers, Tobias Borsdorff, Jochen Landgraf, Paul Tol, Tim A. van Kempen, Richard van Hees, Ruud Hoogeveen, J. Pepijn Veefkind & Ilse Aben",NA,"area burned","N","N",NA,"???","carbon dioxide","dependent variable","carbon dioxide","satellite",TRUE,FALSE
2021,"Nature","https://www.nature.com/articles/s41586-021-03805-8","remotely sensed","Widespread phytoplankton blooms triggered by 2019–2020 Australian wildfires","Weiyi Tang, Joan Llort, Jakob Weis, Morgane M. G. Perron, Sara Basart, Zuchuan Li, Shubha Sathyendranath, Thomas Jackson, Estrella Sanz Rodriguez, Bernadette C. Proemse, Andrew R. Bowie, Christina Schallenberg, Peter G. Strutton, Richard Matear & Nicolas Cassar",NA,"ocean color","N","N",NA,"wildfires","phytoplankton blooms","dependent variable","phytoplankton","satellite",TRUE,FALSE
2022,"Nature","https://www.nature.com/articles/s41586-021-04325-1","remotely sensed","Warming weakens the night-time barrier to global fire","Jennifer K. Balch, John T. Abatzoglou, Maxwell B. Joseph, Michael J. Koontz, Adam L. Mahood, Joseph McGlinchy, Megan E. Cattau & A. Park Williams",NA,"fire spread","N","N",NA,"temperature; dryness","fire danger","dependent variable","fire spread","MODIS; satellite",TRUE,FALSE
2022,"Nature","https://www.nature.com/articles/s41586-022-05058-5","remotely sensed","A year-round satellite sea-ice thickness record from CryoSat-2","Jack C. Landy, Geoffrey J. Dawson, Michel Tsamados, Mitchell Bushuk, Julienne C. Stroeve, Stephen E. L. Howell, Thomas Krumpen, David G. Babb, Alexander S. Komarov, Harry D. B. S. Heorton, H. Jakob Belter & Yevgeny Aksenov",NA,"melt-pond fraction","N","N",NA,"???","sea-ice thickness","dependent variable","sea-ice thickness","satellite",TRUE,FALSE
2023,"Nature","https://www.nature.com/articles/s41586-023-05760-y","remotely sensed","Coastal phytoplankton blooms expand and intensify in the 21st century","Yanhui Dai, Shangbo Yang, Dan Zhao, Chuanmin Hu, Wang Xu, Donald M. Anderson, Yun Li, Xiao-Peng Song, Daniel G. Boyce, Luke Gibson, Chunmiao Zheng & Lian Feng",NA,"phytoplankton blooms","N","N",NA,"ocean circulation","coastal algal blooms","dependent variable","algae","satellite",TRUE,FALSE
2023,"Nature","https://www.nature.com/articles/s41586-022-05653-6","remotely sensed","Sub-continental-scale carbon stocks of individual trees in African drylands","Compton Tucker, Martin Brandt, Pierre Hiernaux, Ankit Kariryaa, Kjeld Rasmussen, Jennifer Small, Christian Igel, Florian Reiner, Katherine Melocik, Jesse Meyer, Scott Sinno, Eric Romero, Erin Glennie, Yasmin Fitts, August Morin, Jorge Pinzon, Devin McClain, Paul Morin, Claire Porter, Shane Loeffler, Laurent Kergoat, Bil-Assanou Issoufou, Patrice Savadogo, Jean-Pierre Wigneron, Benjamin Poulter, Philippe Ciais, Robert Kaufmann, Ranga Myneni, Sassan Saatchi & Rasmus Fensholt",NA,"tree crown areas","N","N",NA,"individual tree crown areas","carbon stocks","independent variable","vegetation","satellite",TRUE,FALSE
2023,"Nature","https://www.nature.com/articles/s41586-023-05876-1","remotely sensed","Rapid, buoyancy-driven ice-sheet retreat of hundreds of metres per day","Christine L. Batchelor, Frazer D. W. Christie, Dag Ottesen, Aleksandr Montelli, Jeffrey Evans, Evelyn K. Dowdeswell, Lilja R. Bjarnadóttir & Julian A. Dowdeswell",NA,"grounding-line retreat","N","N",NA,"buoyancy","ice-sheet grounding-line retreat","dependent variable","ice-sheet grounding-line retreat","satellite",TRUE,FALSE
2023,"Nature","https://www.nature.com/articles/s41586-023-06391-z","remotely sensed","Tropical forests are approaching critical temperature thresholds","Christopher E. Doughty, Jenna M. Keany, Benjamin C. Wiebe, Camilo Rey-Sanchez, Kelsey R. Carter, Kali B. Middleby, Alexander W. Cheesman, Michael L. Goulden, Humberto R. da Rocha, Scott D. Miller, Yadvinder Malhi, Sophie Fauset, Emanuel Gloor, Martijn Slot, Imma Oliveras Menor, Kristine Y. Crous, Gregory R. Goldsmith & Joshua B. Fisher",NA,"pantropical canopy temperatures","N","N",NA,"temperature","photosynthetic ability","independent variable","temperature","satellite",TRUE,FALSE
2023,"Nature","https://www.nature.com/articles/s41586-023-06642-z","remotely sensed","High-resolution maps show that rubber causes substantial deforestation","Yunxia Wang, Peter M. Hollingsworth, Deli Zhai, Christopher D. West, Jonathan M. H. Green, Huafang Chen, Kaspar Hurni, Yufang Su, Eleanor Warren-Thomas, Jianchu Xu & Antje Ahrends",NA,"tree cover loss","N","N",NA,"rubber distribution","rubber-related deforestation","dependent variable","deforestation","satellite",TRUE,FALSE
2024,"Nature","https://www.nature.com/articles/s41586-024-07366-4","remotely sensed","One-third of Southern Ocean productivity is supported by dust deposition","Jakob Weis, Zanna Chase, Christina Schallenberg, Peter G. Strutton, Andrew R. Bowie & Sonya L. Fiddes",NA,"chlorophyll-a","N","N",NA,"dust-iron deposition","annual net community production (ANCP)","dependent variable","surface chlorophyll concentrations","satellite",TRUE,FALSE
2024,"Nature","https://www.nature.com/articles/s41586-024-07568-w","remotely sensed","Amazon forest biogeography predicts resilience and vulnerability to drought","Shuli Chen, Scott C. Stark, Antonio Donato Nobre, Luz Adriana Cuartas, Diogo de Jesus Amore, Natalia Restrepo-Coupe, Marielle N. Smith, Rutuja Chitra-Tarak, Hongseok Ko, Bruce W. Nelson & Scott R. Saleska",NA,"photosynthetic indices","N","N",NA,"drought","resilience (photosynthetic greening) and vulnerability (browning and tree mortality)","dependent variable","photosynthetic greening","satellite",TRUE,FALSE
2024,"Nature","https://www.nature.com/articles/s41586-024-07602-x","remotely sensed","The enduring world forest carbon sink","Yude Pan, Richard A. Birdsey, Oliver L. Phillips, Richard A. Houghton, Jingyun Fang, Pekka E. Kauppi, Heather Keith, Werner A. Kurz, Akihiko Ito, Simon L. Lewis, Gert-Jan Nabuurs, Anatoly Shvidenko, Shoji Hashimoto, Bas Lerink, Dmitry Schepaschenko, Andrea Castanho & Daniel Murdiyarso",NA,"forest areas","N","N",NA,"forest types","Carbon sinks","independent variable","forest area","satellite",TRUE,FALSE
2024,"Nature","https://www.nature.com/articles/s41586-024-08019-2","remotely sensed","Signature of the western boundary currents in local climate variability","James G. Larson, David W. J. Thompson & James W. Hurrell",NA,"sea surface temperature (SST); precipitation","N","N",NA,"local climate variability","western boundary currents","independent variable","SST; precipitation","satellite",TRUE,FALSE
2024,"Nature","https://www.nature.com/articles/s41586-024-07978-w","remotely sensed","Permafrost slows Arctic riverbank erosion","Emily C. Geyman, Madison M. Douglas, Jean-Philippe Avouac & Michael P. Lamb",NA,"river migration; bank erosion","N","N",NA,"Permafrost","Arctic riverbank erosion","dependent variable","erosion","satellite",TRUE,FALSE
